<ImportExportXml version="9.2.23103.264" SolutionPackageVersion="9.2" languagecode="1033" generatedBy="CrmLive" xmlns:xsi="http://www.w3.org/2001/XMLSchema-instance">
  <SolutionManifest>
    <UniqueName>Copyfactormappingstonewlibrary</UniqueName>
    <LocalizedNames>
      <LocalizedName description="Copy factor mappings to new library" languagecode="1033" />
    </LocalizedNames>
    <Descriptions />
    <Version>1.0.0.1</Version>
    <Managed>1</Managed>
    <Publisher>
      <UniqueName>AndreaC_MSFT</UniqueName>
      <LocalizedNames>
        <LocalizedName description="AndreaC_MSFT" languagecode="1033" />
      </LocalizedNames>
      <Descriptions />
      <EMailAddress>ancolucc@microsoft.com</EMailAddress>
      <SupportingWebsiteUrl xsi:nil="true"></SupportingWebsiteUrl>
      <CustomizationPrefix>ac</CustomizationPrefix>
      <CustomizationOptionValuePrefix>21654</CustomizationOptionValuePrefix>
      <Addresses>
        <Address>
          <AddressNumber>1</AddressNumber>
          <AddressTypeCode>1</AddressTypeCode>
          <City xsi:nil="true"></City>
          <County xsi:nil="true"></County>
          <Country xsi:nil="true"></Country>
          <Fax xsi:nil="true"></Fax>
          <FreightTermsCode xsi:nil="true"></FreightTermsCode>
          <ImportSequenceNumber xsi:nil="true"></ImportSequenceNumber>
          <Latitude xsi:nil="true"></Latitude>
          <Line1 xsi:nil="true"></Line1>
          <Line2 xsi:nil="true"></Line2>
          <Line3 xsi:nil="true"></Line3>
          <Longitude xsi:nil="true"></Longitude>
          <Name xsi:nil="true"></Name>
          <PostalCode xsi:nil="true"></PostalCode>
          <PostOfficeBox xsi:nil="true"></PostOfficeBox>
          <PrimaryContactName xsi:nil="true"></PrimaryContactName>
          <ShippingMethodCode>1</ShippingMethodCode>
          <StateOrProvince xsi:nil="true"></StateOrProvince>
          <Telephone1 xsi:nil="true"></Telephone1>
          <Telephone2 xsi:nil="true"></Telephone2>
          <Telephone3 xsi:nil="true"></Telephone3>
          <TimeZoneRuleVersionNumber xsi:nil="true"></TimeZoneRuleVersionNumber>
          <UPSZone xsi:nil="true"></UPSZone>
          <UTCOffset xsi:nil="true"></UTCOffset>
          <UTCConversionTimeZoneCode xsi:nil="true"></UTCConversionTimeZoneCode>
        </Address>
        <Address>
          <AddressNumber>2</AddressNumber>
          <AddressTypeCode>1</AddressTypeCode>
          <City xsi:nil="true"></City>
          <County xsi:nil="true"></County>
          <Country xsi:nil="true"></Country>
          <Fax xsi:nil="true"></Fax>
          <FreightTermsCode xsi:nil="true"></FreightTermsCode>
          <ImportSequenceNumber xsi:nil="true"></ImportSequenceNumber>
          <Latitude xsi:nil="true"></Latitude>
          <Line1 xsi:nil="true"></Line1>
          <Line2 xsi:nil="true"></Line2>
          <Line3 xsi:nil="true"></Line3>
          <Longitude xsi:nil="true"></Longitude>
          <Name xsi:nil="true"></Name>
          <PostalCode xsi:nil="true"></PostalCode>
          <PostOfficeBox xsi:nil="true"></PostOfficeBox>
          <PrimaryContactName xsi:nil="true"></PrimaryContactName>
          <ShippingMethodCode>1</ShippingMethodCode>
          <StateOrProvince xsi:nil="true"></StateOrProvince>
          <Telephone1 xsi:nil="true"></Telephone1>
          <Telephone2 xsi:nil="true"></Telephone2>
          <Telephone3 xsi:nil="true"></Telephone3>
          <TimeZoneRuleVersionNumber xsi:nil="true"></TimeZoneRuleVersionNumber>
          <UPSZone xsi:nil="true"></UPSZone>
          <UTCOffset xsi:nil="true"></UTCOffset>
          <UTCConversionTimeZoneCode xsi:nil="true"></UTCConversionTimeZoneCode>
        </Address>
      </Addresses>
    </Publisher>
    <RootComponents>
      <RootComponent type="1" schemaName="account" behavior="2" />
      <RootComponent type="1" schemaName="msdyn_accommodationtype" behavior="2" />
      <RootComponent type="1" schemaName="msdyn_businesstraveltype" behavior="2" />
      <RootComponent type="1" schemaName="msdyn_contractualinstrumenttype" behavior="2" />
      <RootComponent type="1" schemaName="msdyn_disposalmethod" behavior="2" />
      <RootComponent type="1" schemaName="msdyn_employeecommutingtype" behavior="2" />
      <RootComponent type="1" schemaName="msdyn_facility" behavior="2" />
      <RootComponent type="1" schemaName="msdyn_facilityannualdetail" behavior="2" />
      <RootComponent type="1" schemaName="msdyn_facilitytype" behavior="2" />
      <RootComponent type="1" schemaName="msdyn_fueltype" behavior="2" />
      <RootComponent type="1" schemaName="msdyn_industrialprocesstype" behavior="2" />
      <RootComponent type="1" schemaName="msdyn_material" behavior="2" />
      <RootComponent type="1" schemaName="msdyn_organizationalunitrevenue" behavior="2" />
      <RootComponent type="1" schemaName="msdyn_spendtype" behavior="2" />
      <RootComponent type="1" schemaName="msdyn_sustainabilityorganizationalunit" behavior="2" />
      <RootComponent type="1" schemaName="msdyn_sustainabilityproduct" behavior="2" />
      <RootComponent type="1" schemaName="msdyn_sustainabilityproductidentifier" behavior="2" />
      <RootComponent type="1" schemaName="msdyn_transportmode" behavior="2" />
      <RootComponent type="1" schemaName="msdyn_valuechainpartner" behavior="2" />
      <RootComponent type="1" schemaName="msdyn_vehicletype" behavior="2" />
      <RootComponent type="29" id="{42f8efec-b28b-ee11-8179-00224808de9d}" behavior="0" />
    </RootComponents>
    <MissingDependencies>
      <MissingDependency>
        <Required type="1" schemaName="msdyn_accommodationtype" displayName="Accommodation type" solution="msdyn_SustainabilityCarbonDataModel (2.14.0.355)">
          <package>msdyn_SustainabilityAnchor (2.14.0.355)</package>
          <package>msdyn_SustainabilityDataModelAnchor (2.12.0.185)</package>
          <package>msdyn_SustainabilityPremiumAnchor (2.14.0.355)</package>
        </Required>
        <Dependent type="1" schemaName="msdyn_accommodationtype" displayName="Accommodation type" />
      </MissingDependency>
      <MissingDependency>
        <Required type="1" schemaName="msdyn_businesstraveltype" displayName="Business travel type" solution="msdyn_SustainabilityCarbonDataModel (2.14.0.355)">
          <package>msdyn_SustainabilityAnchor (2.14.0.355)</package>
          <package>msdyn_SustainabilityDataModelAnchor (2.12.0.185)</package>
          <package>msdyn_SustainabilityPremiumAnchor (2.14.0.355)</package>
        </Required>
        <Dependent type="1" schemaName="msdyn_businesstraveltype" displayName="Business travel type" />
      </MissingDependency>
      <MissingDependency>
        <Required type="1" schemaName="msdyn_calculationlibrary" displayName="Factor library" solution="msdyn_SustainabilitySharedDataModel (2.14.0.355)">
          <package>msdyn_SustainabilityAnchor (2.14.0.355)</package>
          <package>msdyn_SustainabilityDataModelAnchor (2.12.0.185)</package>
          <package>msdyn_SustainabilityPremiumAnchor (2.14.0.355)</package>
        </Required>
        <Dependent type="29" displayName="Copy factor mappings from library" id="{42f8efec-b28b-ee11-8179-00224808de9d}" />
      </MissingDependency>
      <MissingDependency>
        <Required type="1" schemaName="msdyn_contractualinstrumenttype" displayName="Contractual instrument type" solution="msdyn_SustainabilityCarbonDataModel (2.14.0.355)">
          <package>msdyn_SustainabilityAnchor (2.14.0.355)</package>
          <package>msdyn_SustainabilityDataModelAnchor (2.12.0.185)</package>
          <package>msdyn_SustainabilityPremiumAnchor (2.14.0.355)</package>
        </Required>
        <Dependent type="1" schemaName="msdyn_contractualinstrumenttype" displayName="Contractual instrument type" />
      </MissingDependency>
      <MissingDependency>
        <Required type="1" schemaName="msdyn_disposalmethod" displayName="Disposal method" solution="msdyn_SustainabilityCarbonDataModel (2.14.0.355)">
          <package>msdyn_SustainabilityAnchor (2.14.0.355)</package>
          <package>msdyn_SustainabilityDataModelAnchor (2.12.0.185)</package>
          <package>msdyn_SustainabilityPremiumAnchor (2.14.0.355)</package>
        </Required>
        <Dependent type="1" schemaName="msdyn_disposalmethod" displayName="Disposal method" />
      </MissingDependency>
      <MissingDependency>
        <Required type="1" schemaName="msdyn_emissionfactor" displayName="Emission factor" solution="msdyn_SustainabilitySharedDataModel (2.14.0.355)">
          <package>msdyn_SustainabilityAnchor (2.14.0.355)</package>
          <package>msdyn_SustainabilityDataModelAnchor (2.12.0.185)</package>
          <package>msdyn_SustainabilityPremiumAnchor (2.14.0.355)</package>
        </Required>
        <Dependent type="29" displayName="Copy factor mappings from library" id="{42f8efec-b28b-ee11-8179-00224808de9d}" />
      </MissingDependency>
      <MissingDependency>
        <Required type="1" schemaName="msdyn_emissionlookup" displayName="Factor mapping" solution="msdyn_SustainabilitySharedDataModel (2.14.0.355)">
          <package>msdyn_SustainabilityAnchor (2.14.0.355)</package>
          <package>msdyn_SustainabilityDataModelAnchor (2.12.0.185)</package>
          <package>msdyn_SustainabilityPremiumAnchor (2.14.0.355)</package>
        </Required>
        <Dependent type="29" displayName="Copy factor mappings from library" id="{42f8efec-b28b-ee11-8179-00224808de9d}" />
      </MissingDependency>
      <MissingDependency>
        <Required type="1" schemaName="msdyn_employeecommutingtype" displayName="Employee commuting type" solution="msdyn_SustainabilityCarbonDataModel (2.14.0.355)">
          <package>msdyn_SustainabilityAnchor (2.14.0.355)</package>
          <package>msdyn_SustainabilityDataModelAnchor (2.12.0.185)</package>
          <package>msdyn_SustainabilityPremiumAnchor (2.14.0.355)</package>
        </Required>
        <Dependent type="1" schemaName="msdyn_employeecommutingtype" displayName="Employee commuting type" />
      </MissingDependency>
      <MissingDependency>
        <Required type="1" schemaName="msdyn_facility" displayName="Facility" solution="msdyn_SustainabilitySharedDataModel (2.14.0.355)">
          <package>msdyn_SustainabilityAnchor (2.14.0.355)</package>
          <package>msdyn_SustainabilityDataModelAnchor (2.12.0.185)</package>
          <package>msdyn_SustainabilityPremiumAnchor (2.14.0.355)</package>
        </Required>
        <Dependent type="1" schemaName="msdyn_facility" displayName="Facility" />
      </MissingDependency>
      <MissingDependency>
        <Required type="1" schemaName="msdyn_facilityannualdetail" displayName="Facility usage detail" solution="msdyn_SustainabilitySharedDataModel (2.14.0.355)">
          <package>msdyn_SustainabilityAnchor (2.14.0.355)</package>
          <package>msdyn_SustainabilityDataModelAnchor (2.12.0.185)</package>
          <package>msdyn_SustainabilityPremiumAnchor (2.14.0.355)</package>
        </Required>
        <Dependent type="1" schemaName="msdyn_facilityannualdetail" displayName="Facility usage detail" />
      </MissingDependency>
      <MissingDependency>
        <Required type="1" schemaName="msdyn_facilitytype" displayName="Facility type" solution="msdyn_SustainabilitySharedDataModel (2.14.0.355)">
          <package>msdyn_SustainabilityAnchor (2.14.0.355)</package>
          <package>msdyn_SustainabilityDataModelAnchor (2.12.0.185)</package>
          <package>msdyn_SustainabilityPremiumAnchor (2.14.0.355)</package>
        </Required>
        <Dependent type="1" schemaName="msdyn_facilitytype" displayName="Facility type" />
      </MissingDependency>
      <MissingDependency>
        <Required type="1" schemaName="msdyn_fueltype" displayName="Fuel type" solution="msdyn_SustainabilityCarbonDataModel (2.14.0.355)">
          <package>msdyn_SustainabilityAnchor (2.14.0.355)</package>
          <package>msdyn_SustainabilityDataModelAnchor (2.12.0.185)</package>
          <package>msdyn_SustainabilityPremiumAnchor (2.14.0.355)</package>
        </Required>
        <Dependent type="1" schemaName="msdyn_fueltype" displayName="Fuel type" />
      </MissingDependency>
      <MissingDependency>
        <Required type="1" schemaName="msdyn_industrialprocesstype" displayName="Industrial process type" solution="msdyn_SustainabilitySharedDataModel (2.14.0.355)">
          <package>msdyn_SustainabilityAnchor (2.14.0.355)</package>
          <package>msdyn_SustainabilityDataModelAnchor (2.12.0.185)</package>
          <package>msdyn_SustainabilityPremiumAnchor (2.14.0.355)</package>
        </Required>
        <Dependent type="1" schemaName="msdyn_industrialprocesstype" displayName="Industrial process type" />
      </MissingDependency>
      <MissingDependency>
        <Required type="1" schemaName="msdyn_material" displayName="Material" solution="msdyn_SustainabilitySharedDataModel (2.14.0.355)">
          <package>msdyn_SustainabilityAnchor (2.14.0.355)</package>
          <package>msdyn_SustainabilityDataModelAnchor (2.12.0.185)</package>
          <package>msdyn_SustainabilityPremiumAnchor (2.14.0.355)</package>
        </Required>
        <Dependent type="1" schemaName="msdyn_material" displayName="Material" />
      </MissingDependency>
      <MissingDependency>
        <Required type="1" schemaName="msdyn_organizationalunitrevenue" displayName="Monthly revenue" solution="msdyn_SustainabilitySharedDataModel (2.14.0.355)">
          <package>msdyn_SustainabilityAnchor (2.14.0.355)</package>
          <package>msdyn_SustainabilityDataModelAnchor (2.12.0.185)</package>
          <package>msdyn_SustainabilityPremiumAnchor (2.14.0.355)</package>
        </Required>
        <Dependent type="1" schemaName="msdyn_organizationalunitrevenue" displayName="Monthly revenue" />
      </MissingDependency>
      <MissingDependency>
        <Required type="1" schemaName="msdyn_spendtype" displayName="Spend type" solution="msdyn_SustainabilityCarbonDataModel (2.14.0.355)">
          <package>msdyn_SustainabilityAnchor (2.14.0.355)</package>
          <package>msdyn_SustainabilityDataModelAnchor (2.12.0.185)</package>
          <package>msdyn_SustainabilityPremiumAnchor (2.14.0.355)</package>
        </Required>
        <Dependent type="1" schemaName="msdyn_spendtype" displayName="Spend type" />
      </MissingDependency>
      <MissingDependency>
        <Required type="1" schemaName="msdyn_sustainabilityorganizationalunit" displayName="Organizational unit" solution="msdyn_SustainabilitySharedDataModel (2.14.0.355)">
          <package>msdyn_SustainabilityAnchor (2.14.0.355)</package>
          <package>msdyn_SustainabilityDataModelAnchor (2.12.0.185)</package>
          <package>msdyn_SustainabilityPremiumAnchor (2.14.0.355)</package>
        </Required>
        <Dependent type="1" schemaName="msdyn_sustainabilityorganizationalunit" displayName="Organizational unit" />
      </MissingDependency>
      <MissingDependency>
        <Required type="1" schemaName="msdyn_sustainabilityproduct" displayName="(Preview) Sustainability product" solution="msdyn_SustainabilityCarbonDataModel (2.14.0.355)">
          <package>msdyn_SustainabilityAnchor (2.14.0.355)</package>
          <package>msdyn_SustainabilityDataModelAnchor (2.12.0.185)</package>
          <package>msdyn_SustainabilityPremiumAnchor (2.14.0.355)</package>
        </Required>
        <Dependent type="1" schemaName="msdyn_sustainabilityproduct" displayName="(Preview) Sustainability product" />
      </MissingDependency>
      <MissingDependency>
        <Required type="1" schemaName="msdyn_sustainabilityproductidentifier" displayName="(Preview) Sustainability product identifier" solution="msdyn_SustainabilityCarbonDataModel (2.14.0.355)">
          <package>msdyn_SustainabilityAnchor (2.14.0.355)</package>
          <package>msdyn_SustainabilityDataModelAnchor (2.12.0.185)</package>
          <package>msdyn_SustainabilityPremiumAnchor (2.14.0.355)</package>
        </Required>
        <Dependent type="1" schemaName="msdyn_sustainabilityproductidentifier" displayName="(Preview) Sustainability product identifier" />
      </MissingDependency>
      <MissingDependency>
        <Required type="1" schemaName="msdyn_transportmode" displayName="Transport mode" solution="msdyn_SustainabilityCarbonDataModel (2.14.0.355)">
          <package>msdyn_SustainabilityAnchor (2.14.0.355)</package>
          <package>msdyn_SustainabilityDataModelAnchor (2.12.0.185)</package>
          <package>msdyn_SustainabilityPremiumAnchor (2.14.0.355)</package>
        </Required>
        <Dependent type="1" schemaName="msdyn_transportmode" displayName="Transport mode" />
      </MissingDependency>
      <MissingDependency>
        <Required type="1" schemaName="msdyn_valuechainpartner" displayName="Value Chain Partner" solution="msdyn_SustainabilitySharedDataModel (2.14.0.355)">
          <package>msdyn_SustainabilityAnchor (2.14.0.355)</package>
          <package>msdyn_SustainabilityDataModelAnchor (2.12.0.185)</package>
          <package>msdyn_SustainabilityPremiumAnchor (2.14.0.355)</package>
        </Required>
        <Dependent type="1" schemaName="msdyn_valuechainpartner" displayName="Value Chain Partner" />
      </MissingDependency>
      <MissingDependency>
        <Required type="1" schemaName="msdyn_vehicletype" displayName="Vehicle type" solution="msdyn_SustainabilityCarbonDataModel (2.14.0.355)">
          <package>msdyn_SustainabilityAnchor (2.14.0.355)</package>
          <package>msdyn_SustainabilityDataModelAnchor (2.12.0.185)</package>
          <package>msdyn_SustainabilityPremiumAnchor (2.14.0.355)</package>
        </Required>
        <Dependent type="1" schemaName="msdyn_vehicletype" displayName="Vehicle type" />
      </MissingDependency>
      <MissingDependency>
        <Required type="connectionreference" displayName="new_sharedcommondataserviceforapps_6892c" solution="Active" id.connectionreferencelogicalname="new_sharedcommondataserviceforapps_6892c" />
        <Dependent type="29" displayName="Copy factor mappings from library" id="{42f8efec-b28b-ee11-8179-00224808de9d}" />
      </MissingDependency>
    </MissingDependencies>
  </SolutionManifest>
</ImportExportXml>