<ImportExportXml version="9.2.24104.214" SolutionPackageVersion="9.2" languagecode="1033" generatedBy="CrmLive" xmlns:xsi="http://www.w3.org/2001/XMLSchema-instance" OrganizationVersion="9.2.24104.214" OrganizationSchemaType="Standard" CRMServerServiceabilityVersion="9.2.24104.00214">
  <SolutionManifest>
    <UniqueName>CustomEFMapping</UniqueName>
    <LocalizedNames>
      <LocalizedName description="Custom EF Mapping" languagecode="1033" />
    </LocalizedNames>
    <Descriptions />
    <Version>1.0.0.2</Version>
    <Managed>0</Managed>
    <Publisher>
      <UniqueName>DefaultPublisherorgade18c17</UniqueName>
      <LocalizedNames>
        <LocalizedName description="Default Publisher for orgade18c17" languagecode="1033" />
      </LocalizedNames>
      <Descriptions>
        <Description description="Default publisher for this organization" languagecode="1033" />
      </Descriptions>
      <EMailAddress xsi:nil="true"></EMailAddress>
      <SupportingWebsiteUrl xsi:nil="true"></SupportingWebsiteUrl>
      <CustomizationPrefix>new</CustomizationPrefix>
      <CustomizationOptionValuePrefix>10000</CustomizationOptionValuePrefix>
      <Addresses>
        <Address>
          <AddressNumber>1</AddressNumber>
          <AddressTypeCode xsi:nil="true"></AddressTypeCode>
          <City xsi:nil="true"></City>
          <County xsi:nil="true"></County>
          <Country xsi:nil="true"></Country>
          <Fax xsi:nil="true"></Fax>
          <FreightTermsCode xsi:nil="true"></FreightTermsCode>
          <ImportSequenceNumber xsi:nil="true"></ImportSequenceNumber>
          <Latitude xsi:nil="true"></Latitude>
          <Line1 xsi:nil="true"></Line1>
          <Line2 xsi:nil="true"></Line2>
          <Line3 xsi:nil="true"></Line3>
          <Longitude xsi:nil="true"></Longitude>
          <Name xsi:nil="true"></Name>
          <PostalCode xsi:nil="true"></PostalCode>
          <PostOfficeBox xsi:nil="true"></PostOfficeBox>
          <PrimaryContactName xsi:nil="true"></PrimaryContactName>
          <ShippingMethodCode xsi:nil="true"></ShippingMethodCode>
          <StateOrProvince xsi:nil="true"></StateOrProvince>
          <Telephone1 xsi:nil="true"></Telephone1>
          <Telephone2 xsi:nil="true"></Telephone2>
          <Telephone3 xsi:nil="true"></Telephone3>
          <TimeZoneRuleVersionNumber xsi:nil="true"></TimeZoneRuleVersionNumber>
          <UPSZone xsi:nil="true"></UPSZone>
          <UTCOffset xsi:nil="true"></UTCOffset>
          <UTCConversionTimeZoneCode xsi:nil="true"></UTCConversionTimeZoneCode>
        </Address>
        <Address>
          <AddressNumber>2</AddressNumber>
          <AddressTypeCode xsi:nil="true"></AddressTypeCode>
          <City xsi:nil="true"></City>
          <County xsi:nil="true"></County>
          <Country xsi:nil="true"></Country>
          <Fax xsi:nil="true"></Fax>
          <FreightTermsCode xsi:nil="true"></FreightTermsCode>
          <ImportSequenceNumber xsi:nil="true"></ImportSequenceNumber>
          <Latitude xsi:nil="true"></Latitude>
          <Line1 xsi:nil="true"></Line1>
          <Line2 xsi:nil="true"></Line2>
          <Line3 xsi:nil="true"></Line3>
          <Longitude xsi:nil="true"></Longitude>
          <Name xsi:nil="true"></Name>
          <PostalCode xsi:nil="true"></PostalCode>
          <PostOfficeBox xsi:nil="true"></PostOfficeBox>
          <PrimaryContactName xsi:nil="true"></PrimaryContactName>
          <ShippingMethodCode xsi:nil="true"></ShippingMethodCode>
          <StateOrProvince xsi:nil="true"></StateOrProvince>
          <Telephone1 xsi:nil="true"></Telephone1>
          <Telephone2 xsi:nil="true"></Telephone2>
          <Telephone3 xsi:nil="true"></Telephone3>
          <TimeZoneRuleVersionNumber xsi:nil="true"></TimeZoneRuleVersionNumber>
          <UPSZone xsi:nil="true"></UPSZone>
          <UTCOffset xsi:nil="true"></UTCOffset>
          <UTCConversionTimeZoneCode xsi:nil="true"></UTCConversionTimeZoneCode>
        </Address>
      </Addresses>
    </Publisher>
    <RootComponents>
      <RootComponent type="1" schemaName="msdyn_emissionlookup" behavior="2" />
      <RootComponent type="1" schemaName="msdyn_purchasedenergy" behavior="2" />
      <RootComponent type="1" schemaName="new_customreferencetable" behavior="0" />
      <RootComponent type="9" schemaName="msdyn_emissioncalculation_msdyn_type" behavior="0" />
    </RootComponents>
    <MissingDependencies>
      <MissingDependency>
        <Required type="1" schemaName="msdyn_emissionlookup" displayName="Factor mapping" solution="msdyn_SustainabilitySharedDataModel (2.23.0.313)">
          <package>msdyn_SustainabilityAnchor (2.14.0.355)</package>
          <package>msdyn_SustainabilityDataModelAnchor (2.16.0.541)</package>
          <package>msdyn_SustainabilityPremiumAnchor (2.23.0.313)</package>
        </Required>
        <Dependent type="1" schemaName="msdyn_emissionlookup" displayName="Factor mapping" />
      </MissingDependency>
      <MissingDependency>
        <Required type="1" schemaName="msdyn_purchasedenergy" displayName="Purchased energy" solution="msdyn_SustainabilityCarbonDataModel (2.23.0.313)">
          <package>msdyn_SustainabilityAnchor (2.14.0.355)</package>
          <package>msdyn_SustainabilityDataModelAnchor (2.16.0.541)</package>
          <package>msdyn_SustainabilityPremiumAnchor (2.23.0.313)</package>
        </Required>
        <Dependent type="1" schemaName="msdyn_purchasedenergy" displayName="Purchased energy" />
      </MissingDependency>
      <MissingDependency>
        <Required type="1" schemaName="msdyn_purchasedenergy" displayName="Purchased energy" solution="msdyn_SustainabilityCarbonDataModel (2.23.0.313)">
          <package>msdyn_SustainabilityAnchor (2.14.0.355)</package>
          <package>msdyn_SustainabilityDataModelAnchor (2.16.0.541)</package>
          <package>msdyn_SustainabilityPremiumAnchor (2.23.0.313)</package>
        </Required>
        <Dependent type="2" schemaName="new_customreferencedata" displayName="Custom Reference Data" parentSchemaName="msdyn_purchasedenergy" parentDisplayName="Purchased energy" />
      </MissingDependency>
      <MissingDependency>
        <Required type="2" schemaName="msdyn_referencedata2id" displayName="Reference data 2" parentSchemaName="msdyn_emissionlookup" parentDisplayName="Factor mapping" solution="msdyn_SustainabilitySharedDataModel (2.23.0.313)">
          <package>msdyn_SustainabilityAnchor (2.14.0.355)</package>
          <package>msdyn_SustainabilityDataModelAnchor (2.16.0.541)</package>
          <package>msdyn_SustainabilityPremiumAnchor (2.23.0.313)</package>
        </Required>
        <Dependent type="2" schemaName="msdyn_referencedata2id" displayName="Reference data 2" parentSchemaName="msdyn_emissionlookup" parentDisplayName="Factor mapping" />
      </MissingDependency>
      <MissingDependency>
        <Required type="2" schemaName="msdyn_referencedata3id" displayName="Reference data 3" parentSchemaName="msdyn_emissionlookup" parentDisplayName="Factor mapping" solution="msdyn_SustainabilitySharedDataModel (2.23.0.313)">
          <package>msdyn_SustainabilityAnchor (2.14.0.355)</package>
          <package>msdyn_SustainabilityDataModelAnchor (2.16.0.541)</package>
          <package>msdyn_SustainabilityPremiumAnchor (2.23.0.313)</package>
        </Required>
        <Dependent type="2" schemaName="msdyn_referencedata3id" displayName="Reference data 3" parentSchemaName="msdyn_emissionlookup" parentDisplayName="Factor mapping" />
      </MissingDependency>
      <MissingDependency>
        <Required type="2" schemaName="msdyn_referencedata4id" displayName="Reference data 4" parentSchemaName="msdyn_emissionlookup" parentDisplayName="Factor mapping" solution="msdyn_SustainabilitySharedDataModel (2.23.0.313)">
          <package>msdyn_SustainabilityAnchor (2.14.0.355)</package>
          <package>msdyn_SustainabilityDataModelAnchor (2.16.0.541)</package>
          <package>msdyn_SustainabilityPremiumAnchor (2.23.0.313)</package>
        </Required>
        <Dependent type="2" schemaName="msdyn_referencedata4id" displayName="Reference data 4" parentSchemaName="msdyn_emissionlookup" parentDisplayName="Factor mapping" />
      </MissingDependency>
      <MissingDependency>
        <Required type="2" schemaName="msdyn_referencedataid" displayName="Reference data 1" parentSchemaName="msdyn_emissionlookup" parentDisplayName="Factor mapping" solution="msdyn_SustainabilitySharedDataModel (2.23.0.313)">
          <package>msdyn_SustainabilityAnchor (2.14.0.355)</package>
          <package>msdyn_SustainabilityDataModelAnchor (2.16.0.541)</package>
          <package>msdyn_SustainabilityPremiumAnchor (2.23.0.313)</package>
        </Required>
        <Dependent type="2" schemaName="msdyn_referencedataid" displayName="Reference data 1" parentSchemaName="msdyn_emissionlookup" parentDisplayName="Factor mapping" />
      </MissingDependency>
      <MissingDependency>
        <Required type="9" schemaName="msdyn_emissioncalculation_msdyn_type" displayName="Type" solution="msdyn_SustainabilityApplication (2.23.0.313)">
          <package>msdyn_SustainabilityAnchor (2.14.0.355)</package>
          <package>msdyn_SustainabilityPremiumAnchor (2.23.0.313)</package>
        </Required>
        <Dependent type="9" schemaName="msdyn_emissioncalculation_msdyn_type" displayName="Type" />
      </MissingDependency>
    </MissingDependencies>
  </SolutionManifest>
</ImportExportXml>